"","District.ID","State.ID","Year.x","Annual.Rainfall","Ten.Year.MA.AR","Year.y","Ten.Year.MA.AR.75","Drought"
"1","Adilabad","Andhra Pradesh",1977,5137.81,5304.415,1977,3978.31125,0
"2","Agra","Uttar Pradesh",1977,4363.09,3918.001,1977,2938.50075,0
"3","Ahmadabad","Gujarat",1977,2884.63,2619.971,1977,1964.97825,0
"4","Ahmednagar","Maharashtra",1977,4055.73,5150.288,1977,3862.716,0
"5","Aizawl","Mizoram",1977,10665.73,10108.075,1977,7581.05625,0
"6","Ajmer","Rajasthan",1977,3413.51,3431.516,1977,2573.637,0
"7","Akola","Maharashtra",1977,4595.14,4733.841,1977,3550.38075,0
"8","Alappuzha","Kerala",1977,1.48,1.383,1977,1.03725,0
"9","Aligarh","Uttar Pradesh",1977,3885.87,3684.821,1977,2763.61575,0
"10","Allahabad","Uttar Pradesh",1977,5625.2,5292.466,1977,3969.3495,0
"11","Almora","Uttaranchal",1977,4912.52,4685.254,1977,3513.9405,0
"12","Alwar","Rajasthan",1977,3813.47,3629.697,1977,2722.27275,0
"13","Ambala","Haryana",1977,3159.04,3136.428,1977,2352.321,0
"14","Ambedkar Nagar","Uttar Pradesh",1977,4377.42,4527.66,1977,3395.745,0
"15","Amravati","Maharashtra",1977,4740.91,4757.8,1977,3568.35,0
"16","Amreli","Gujarat",1977,2689.96,2738.071,1977,2053.55325,0
"17","Amritsar","Punjab",1977,4351.95,4429.609,1977,3322.20675,0
"18","Anand","Gujarat",1977,3314.6,3289.668,1977,2467.251,0
"19","Anantapur","Andhra Pradesh",1977,4703.05,4360.822,1977,3270.6165,0
"20","Anantnag (Kashmir South)","Jammu and Kashmir",1977,8110.24,7530.732,1977,5648.049,0
"21","Andaman Islands","Andaman and Nicobar",1977,933.67,996.297,1977,747.22275,0
"22","Angul","Orissa",1977,6850.49,6346.984,1977,4760.238,0
"23","Araria","Bihar",1977,5263.94,5376.852,1977,4032.639,0
"24","Ariyalur","Tamil Nadu",1977,5004.22,4313.146,1977,3234.8595,0
"25","Auraiya","Uttar Pradesh",1977,4224.71,3748.76,1977,2811.57,0
"26","Aurangabad (Bihar)","Bihar",1977,6252.41,5647.503,1977,4235.62725,0
"27","Aurangabad (Maharashtra)","Maharashtra",1977,3233.32,4111.949,1977,3083.96175,0
"28","Azamgarh","Uttar Pradesh",1977,4666.07,4786.21,1977,3589.6575,0
"29","Badaun","Uttar Pradesh",1977,3967.64,3805.505,1977,2854.12875,0
"30","Bagalkot","Karnataka",1977,6493.86,6304.671,1977,4728.50325,0
"31","Bagdam","Jammu and Kashmir",1977,8878.2,8416.763,1977,6312.57225,0
"32","Bageshwar","Uttaranchal",1977,6864.66,6356.598,1977,4767.4485,0
"33","Baghpat","Uttar Pradesh",1977,3317.85,3284.553,1977,2463.41475,0
"34","Bahraich","Uttar Pradesh",1977,4604.27,4540.822,1977,3405.6165,0
"35","Balaghat","Madhya Pradesh",1977,6437.95,6115.017,1977,4586.26275,0
"36","Baleshwar","Orissa",1977,7527.51,6931.215,1977,5198.41125,0
"37","Ballia","Uttar Pradesh",1977,4718.14,4659.505,1977,3494.62875,0
"38","Balrampur","Uttar Pradesh",1977,4636.01,4725.939,1977,3544.45425,0
"39","Banas Kantha","Gujarat",1977,2369.94,1862.768,1977,1397.076,0
"40","Banda","Uttar Pradesh",1977,5875.39,5223.826,1977,3917.8695,0
"41","Bangalore Rural","Karnataka",1977,5021.09,4768.807,1977,3576.60525,0
"42","Bangalore Urban","Karnataka",1977,5041.78,4710.32,1977,3532.74,0
"43","Banka","Bihar",1977,6995.35,6228.838,1977,4671.6285,0
"44","Bankura","West Bengal",1977,7899.67,7116.5,1977,5337.375,0
"45","Banswara","Rajasthan",1977,4257.74,3873.648,1977,2905.236,0
"46","Bara Banki","Uttar Pradesh",1977,4464.5,4405.488,1977,3304.116,0
"47","Baragarh","Orissa",1977,6640.93,6211.289,1977,4658.46675,0
"48","Baramula (Kashmir North)","Jammu and Kashmir",1977,9357.25,8625.195,1977,6468.89625,0
"49","Baran","Rajasthan",1977,4397.38,4083.097,1977,3062.32275,0
"50","Barddhaman","West Bengal",1977,7521.17,6909.401,1977,5182.05075,0
"51","Bareilly","Uttar Pradesh",1977,3919.41,3763.556,1977,2822.667,0
"52","Barmer","Rajasthan",1977,2193.84,1791.235,1977,1343.42625,0
"53","Barpeta","Assam",1977,10706.61,9159.637,1977,6869.72775,0
"54","Barwani","Madhya Pradesh",1977,3643.39,3908.913,1977,2931.68475,0
"55","Bastar","Chhattisgarh",1977,7118.33,7041.637,1977,5281.22775,0
"56","Basti","Uttar Pradesh",1977,4147.89,4301.316,1977,3225.987,0
"57","Bathinda","Punjab",1977,2821.37,2639.829,1977,1979.87175,0
"58","Begusarai","Bihar",1977,5559.57,5225.054,1977,3918.7905,0
"59","Belgaum","Karnataka",1977,8659.72,8375.864,1977,6281.898,0
"60","Bellary","Karnataka",1977,5853.3,5259.964,1977,3944.973,0
"61","Betul","Madhya Pradesh",1977,5323.19,5154.862,1977,3866.1465,0
"62","Bhabua","Bihar",1977,5961.2,5567.176,1977,4175.382,0
"63","Bhadrak","Orissa",1977,7234.81,6735.613,1977,5051.70975,0
"64","Bhagalpur","Bihar",1977,6018.03,5675.802,1977,4256.8515,0
"65","Bhandara","Maharashtra",1977,5977.16,5767.773,1977,4325.82975,0
"66","Bharatpur","Rajasthan",1977,4167.65,3867.966,1977,2900.9745,0
"67","Bharuch","Gujarat",1977,3827.74,4240.636,1977,3180.477,0
"68","Bhavnagar","Gujarat",1977,3015.79,3171.53,1977,2378.6475,0
"69","Bhilwara","Rajasthan",1977,3832.47,3712.411,1977,2784.30825,0
"70","Bhind","Madhya Pradesh",1977,4721.84,4110.493,1977,3082.86975,0
"71","Bhiwani","Haryana",1977,3224,3035.091,1977,2276.31825,0
"72","Bhojpur","Bihar",1977,5421.42,5122.949,1977,3842.21175,0
"73","Bhopal","Madhya Pradesh",1977,4935.59,4577.987,1977,3433.49025,0
"74","Bid","Maharashtra",1977,3491.9,3850.711,1977,2888.03325,0
"75","Bidar","Karnataka",1977,4616.65,4683.924,1977,3512.943,0
"76","Bijapur","Karnataka",1977,4703.97,4701.137,1977,3525.85275,0
"77","Bijnor","Uttar Pradesh",1977,3669.55,3644.015,1977,2733.01125,0
"78","Bikaner","Rajasthan",1977,2141.65,2102.526,1977,1576.8945,0
"79","Bilaspur","Chhattisgarh",1977,3640.35,3747.897,1977,2810.92275,0
"80","Birbhum","West Bengal",1977,7589.33,6872.103,1977,5154.07725,0
"81","Bishnupur","Manipur",1977,10784.45,10195.85,1977,7646.8875,0
"82","Bokaro","Jharkhand",1977,7866.94,6966.958,1977,5225.2185,0
"83","Bolangir","Orissa",1977,6540.52,6218.08,1977,4663.56,0
"84","Boudh","Orissa",1977,6628.94,6226.518,1977,4669.8885,0
"85","Bulandshahr","Uttar Pradesh",1977,3756.52,3658.303,1977,2743.72725,0
"86","Buldana","Maharashtra",1977,4259.2,4568.577,1977,3426.43275,0
"87","Bundi","Rajasthan",1977,3998.3,3809.902,1977,2857.4265,0
"88","Buxar","Bihar",1977,5301.7,5051.822,1977,3788.8665,0
"89","Cachar","Assam",1977,12314.64,11210.94,1977,8408.205,0
"90","Chamba","Himachal Pradesh",1977,6193.62,6024.952,1977,4518.714,0
"91","Chamoli","Uttaranchal",1977,7496.03,6861.458,1977,5146.0935,0
"92","Champawat","Uttaranchal",1977,4583.68,4363.553,1977,3272.66475,0
"93","Champhai","Mizoram",1977,10428.93,10072.038,1977,7554.0285,0
"94","Chamrajnagar","Karnataka",1977,7049.03,6836.18,1977,5127.135,0
"95","Chandauli","Uttar Pradesh",1977,5835.64,5524.517,1977,4143.38775,0
"96","Chandel","Manipur",1977,10724.92,10295.143,1977,7721.35725,0
"97","Chandigarh","Chandigarh",1977,3137,3183.3,1977,2387.475,0
"98","Chandrapur","Maharashtra",1977,5506.78,5387.693,1977,4040.76975,0
"99","Changlang","Arunachal Pradesh",1977,12834.05,10851.717,1977,8138.78775,0
"100","Chatra","Jharkhand",1977,7525.04,6633.274,1977,4974.9555,0
"101","Chennai","Tamil Nadu",1977,5129.38,4798.507,1977,3598.88025,0
"102","Chhatarpur","Madhya Pradesh",1977,5673.25,5094.762,1977,3821.0715,0
"103","Chhindwara","Madhya Pradesh",1977,5837.73,5577.849,1977,4183.38675,0
"104","Chikmagalur","Karnataka",1977,10540.42,9864.299,1977,7398.22425,0
"105","Chitradurga","Karnataka",1977,6754.77,6148.213,1977,4611.15975,0
"106","Chitrakoot","Uttar Pradesh",1977,6260.58,5621.149,1977,4215.86175,0
"107","Chittaurgarh","Rajasthan",1977,4200.09,3950.42,1977,2962.815,0
"108","Chittoor","Andhra Pradesh",1977,5011.82,4804.267,1977,3603.20025,0
"109","Churachandpur","Manipur",1977,10495.42,10000.771,1977,7500.57825,0
"110","Churu","Rajasthan",1977,2699.87,2563.977,1977,1922.98275,0
"111","Coimbatore","Tamil Nadu",1977,9618.57,9070.166,1977,6802.6245,0
"112","Cuddalore","Tamil Nadu",1977,4842.35,4305.351,1977,3229.01325,0
"113","Cuddapah","Andhra Pradesh",1977,4692.54,4456.988,1977,3342.741,0
"114","Cuttack","Orissa",1977,6338.35,5957.779,1977,4468.33425,0
"115","Dadra and Nagar Haveli","Dadra and Nagar Haveli",1977,3983.13,5680.296,1977,4260.222,1
"116","Dahod","Gujarat",1977,4132.28,3910.056,1977,2932.542,0
"117","Dakshin Dinajpur","West Bengal",1977,6873.07,6741.312,1977,5055.984,0
"118","Dakshin Kannad","Karnataka",1977,2895.49,2834.558,1977,2125.9185,0
"119","Daman","Daman and Diu",1977,0,0,1977,0,0
"120","Damoh","Madhya Pradesh",1977,5833.59,5374.251,1977,4030.68825,0
"121","Dantewada","Chhattisgarh",1977,6215.12,6225.83,1977,4669.3725,0
"122","Darbhanga","Bihar",1977,5095.07,5010.528,1977,3757.896,0
"123","Darjiling","West Bengal",1977,7465.95,7405.268,1977,5553.951,0
"124","Darrang","Assam",1977,10923.53,9107.359,1977,6830.51925,0
"125","Datia","Madhya Pradesh",1977,4926.19,4363.407,1977,3272.55525,0
"126","Dausa","Rajasthan",1977,3659.11,3437.386,1977,2578.0395,0
"127","Davanagere","Karnataka",1977,9348.72,8536.272,1977,6402.204,0
"128","Dehra Dun","Uttaranchal",1977,4240.64,4131.374,1977,3098.5305,0
"129","Delhi","Delhi",1977,3465.09,3397.97,1977,2548.4775,0
"130","Deogarh","Orissa",1977,6818.13,6274.961,1977,4706.22075,0
"131","Deoghar","Jharkhand",1977,7663.63,6773.425,1977,5080.06875,0
"132","Deoria","Uttar Pradesh",1977,4357.57,4507.681,1977,3380.76075,0
"133","Dewas","Madhya Pradesh",1977,4509.87,4376.95,1977,3282.7125,0
"134","Dhalai","Tripura",1977,10076.89,9427.424,1977,7070.568,0
"135","Dhamtari","Chhattisgarh",1977,6891.9,6601.442,1977,4951.0815,0
"136","Dhanbad","Jharkhand",1977,7762.96,6873,1977,5154.75,0
"137","Dhar","Madhya Pradesh",1977,4339.34,4278.694,1977,3209.0205,0
"138","Dharmapuri","Tamil Nadu",1977,4872.35,4431.909,1977,3323.93175,0
"139","Dharwad","Karnataka",1977,10066.51,9759.485,1977,7319.61375,0
"140","Dhaulpur","Rajasthan",1977,4538.02,4025.628,1977,3019.221,0
"141","Dhemaji","Assam",1977,12117.09,10181.051,1977,7635.78825,0
"142","Dhenkanal","Orissa",1977,6622.78,6131.828,1977,4598.871,0
"143","Dhuburi","Assam",1977,9012,8518.946,1977,6389.2095,0
"144","Dhule","Maharashtra",1977,3440.2,4110.821,1977,3083.11575,0
"145","Dibrugarh","Assam",1977,11540.86,9697.956,1977,7273.467,0
"146","Dindigul","Tamil Nadu",1977,8604.07,7189.178,1977,5391.8835,0
"147","Dindori","Madhya Pradesh",1977,6982.59,6570.317,1977,4927.73775,0
"148","Doda","Jammu and Kashmir",1977,7184.17,6804.542,1977,5103.4065,0
"149","Dumka","Jharkhand",1977,7610.83,6770.233,1977,5077.67475,0
"150","Dungarpur","Rajasthan",1977,4229.65,3696.102,1977,2772.0765,0
"151","Durg","Chhattisgarh",1977,6363.35,6003.552,1977,4502.664,0
"152","East","Sikkim",1977,8572.95,8105.725,1977,6079.29375,0
"153","East Garo Hills","Meghalaya",1977,9741.95,8863.101,1977,6647.32575,0
"154","East Godavari","Andhra Pradesh",1977,5896.9,5686.152,1977,4264.614,0
"155","East Imphal","Manipur",1977,10840.55,10126.99,1977,7595.2425,0
"156","East Kameng","Arunachal Pradesh",1977,9724.24,8086.603,1977,6064.95225,0
"157","East Khasi Hills","Meghalaya",1977,12347.04,10689.924,1977,8017.443,0
"158","East Midnapore","West Bengal",1977,7781.14,7171.197,1977,5378.39775,0
"159","East Nimar","Madhya Pradesh",1977,4485.73,4465.917,1977,3349.43775,0
"160","East Siang","Arunachal Pradesh",1977,13024.95,11240.435,1977,8430.32625,0
"161","Ernakulam","Kerala",1977,3427.34,3213.738,1977,2410.3035,0
"162","Erode","Tamil Nadu",1977,7070.56,6278.288,1977,4708.716,0
"163","Etah","Uttar Pradesh",1977,4092.19,3803.102,1977,2852.3265,0
"164","Etawah","Uttar Pradesh",1977,4310.71,3773.275,1977,2829.95625,0
"165","Faizabad","Uttar Pradesh",1977,4219.58,4334.586,1977,3250.9395,0
"166","Faridabad","Haryana",1977,3817.16,3660.453,1977,2745.33975,0
"167","Faridkot","Punjab",1977,2919.03,2802.842,1977,2102.1315,0
"168","Farrukhabad","Uttar Pradesh",1977,3950.48,3726.894,1977,2795.1705,0
"169","Fatehabad","Haryana",1977,3018.42,2770.341,1977,2077.75575,0
"170","Fatehgarh Sahib","Punjab",1977,2842.91,2816.218,1977,2112.1635,0
"171","Fatehpur","Uttar Pradesh",1977,5089.19,4703.31,1977,3527.4825,0
"172","Firozabad","Uttar Pradesh",1977,4257.65,3800.606,1977,2850.4545,0
"173","Firozpur","Punjab",1977,3094.39,3012.547,1977,2259.41025,0
"174","Gadag","Karnataka",1977,8180.96,7767.554,1977,5825.6655,0
"175","Gajapati","Orissa",1977,5607.52,5518.057,1977,4138.54275,0
"176","Gandhinagar","Gujarat",1977,3561,3081.1,1977,2310.825,0
"177","Ganganagar","Rajasthan",1977,2662.02,2577.087,1977,1932.81525,0
"178","Ganjam","Orissa",1977,6086.84,5863.704,1977,4397.778,0
"179","Garhchiroli","Maharashtra",1977,6099.01,6006.777,1977,4505.08275,0
"180","Garhwa","Jharkhand",1977,7275.26,6376.107,1977,4782.08025,0
"181","Gautam Buddha Nagar","Uttar Pradesh",1977,3777.45,3636.671,1977,2727.50325,0
"182","Gaya","Bihar",1977,6599.12,5929.121,1977,4446.84075,0
"183","Ghaziabad","Uttar Pradesh",1977,3643.68,3613.844,1977,2710.383,0
"184","Ghazipur","Uttar Pradesh",1977,4957.24,4950.86,1977,3713.145,0
"185","Giridih","Jharkhand",1977,7274.93,6417.058,1977,4812.7935,0
"186","Goalpara","Assam",1977,10087.32,8981.258,1977,6735.9435,0
"187","Godda","Jharkhand",1977,6933.79,6294.196,1977,4720.647,0
"188","Golaghat","Assam",1977,8980.43,7725.49,1977,5794.1175,0
"189","Gonda","Uttar Pradesh",1977,4445.09,4496.904,1977,3372.678,0
"190","Gondiya","Maharashtra",1977,6320.44,6114.334,1977,4585.7505,0
"191","Gopalganj","Bihar",1977,4393.58,4442.159,1977,3331.61925,0
"192","Gorakhpur","Uttar Pradesh",1977,4421.7,4585.9,1977,3439.425,0
"193","Greater Bombay","Maharashtra",1977,0,0,1977,0,0
"194","Gulbarga","Karnataka",1977,4211.25,4201.361,1977,3151.02075,0
"195","Gumla","Jharkhand",1977,7740.21,6951.282,1977,5213.4615,0
"196","Guna","Madhya Pradesh",1977,4836.67,4483.366,1977,3362.5245,0
"197","Guntur","Andhra Pradesh",1977,4765.96,4558.892,1977,3419.169,0
"198","Gurdaspur","Punjab",1977,4499.51,4634.685,1977,3476.01375,0
"199","Gurgaon","Haryana",1977,3780.1,3606.679,1977,2705.00925,0
"200","Gwalior","Madhya Pradesh",1977,4883.08,4379.284,1977,3284.463,0
"201","Hailakandi","Assam",1977,11747.28,10795.284,1977,8096.463,0
"202","Hamirpur","Himachal Pradesh",1977,4097.65,4442.518,1977,3331.8885,0
"203","Hamirpur","Uttar Pradesh",1977,5277.79,4442.518,1977,3331.8885,0
"204","Hanumangarh","Rajasthan",1977,2890.3,2640.248,1977,1980.186,0
"205","Haora","West Bengal",1977,7193.81,6754.237,1977,5065.67775,0
"206","Harda","Madhya Pradesh",1977,4881.38,4713.286,1977,3534.9645,0
"207","Hardoi","Uttar Pradesh",1977,3983.8,3865.022,1977,2898.7665,0
"208","Haridwar","Uttaranchal",1977,3586.44,3533.379,1977,2650.03425,0
"209","Hassan","Karnataka",1977,10052.91,9929.687,1977,7447.26525,0
"210","Hathras","Uttar Pradesh",1977,4011.33,3723.168,1977,2792.376,0
"211","Haveri","Karnataka",1977,10461.66,9870.929,1977,7403.19675,0
"212","Hazaribag","Jharkhand",1977,7838.53,6960.658,1977,5220.4935,0
"213","Hingoli","Maharashtra",1977,4267.3,4618.8,1977,3464.1,0
"214","Hisar","Haryana",1977,3127.56,2936.838,1977,2202.6285,0
"215","Hoshangabad","Madhya Pradesh",1977,5632.33,5316.912,1977,3987.684,0
"216","Hoshiarpur","Punjab",1977,3198.68,3320.511,1977,2490.38325,0
"217","Hugli","West Bengal",1977,7409.69,6960.727,1977,5220.54525,0
"218","Hyderabad","Andhra Pradesh",1977,5173.71,5126.921,1977,3845.19075,0
"219","Idukki","Kerala",1977,10235.66,9357.322,1977,7017.9915,0
"220","Indore","Madhya Pradesh",1977,4350.29,4238.688,1977,3179.016,0
"221","Jabalpur","Madhya Pradesh",1977,6335.62,5915.952,1977,4436.964,0
"222","Jagatsinghpur","Orissa",1977,6363.12,5985.222,1977,4488.9165,0
"223","Jaintia Hills","Meghalaya",1977,12782.01,11196.807,1977,8397.60525,0
"224","Jaipur","Rajasthan",1977,3473.58,3378.647,1977,2533.98525,0
"225","Jaisalmer","Rajasthan",1977,1649.04,1556.578,1977,1167.4335,0
"226","Jajpur","Orissa",1977,7117.42,6595.399,1977,4946.54925,0
"227","Jalandhar","Punjab",1977,2864.44,2943.921,1977,2207.94075,0
"228","Jalaun","Uttar Pradesh",1977,4837.88,4231.481,1977,3173.61075,0
"229","Jalgaon","Maharashtra",1977,3511.67,4008.936,1977,3006.702,0
"230","Jalna","Maharashtra",1977,3505.01,4130.706,1977,3098.0295,0
"231","Jalor","Rajasthan",1977,2485.65,2066.804,1977,1550.103,0
"232","Jalpaiguri","West Bengal",1977,8640.53,8442.665,1977,6331.99875,0
"233","Jammu","Jammu and Kashmir",1977,7015.53,6971.864,1977,5228.898,0
"234","Jamnagar","Gujarat",1977,2554.41,2315.629,1977,1736.72175,0
"235","Jamui","Bihar",1977,6846.31,6038.277,1977,4528.70775,0
"236","Janjgir-Champa","Chhattisgarh",1977,6522.43,6022.602,1977,4516.9515,0
"237","Jashpur","Chhattisgarh",1977,7238.75,6540.418,1977,4905.3135,0
"238","Jaunpur","Uttar Pradesh",1977,4876.81,4850.903,1977,3638.17725,0
"239","Jehanabad","Bihar",1977,5754.9,5385.158,1977,4038.8685,0
"240","Jhabua","Madhya Pradesh",1977,4258.19,4195.043,1977,3146.28225,0
"241","Jhajjar","Haryana",1977,3237.03,3121.049,1977,2340.78675,0
"242","Jhalawar","Rajasthan",1977,4520.84,4322.045,1977,3241.53375,0
"243","Jhansi","Uttar Pradesh",1977,5078.2,4532.669,1977,3399.50175,0
"244","Jharsuguda","Orissa",1977,6831.72,6269.797,1977,4702.34775,0
"245","Jhunjhunun","Rajasthan",1977,3144.98,2937.497,1977,2203.12275,0
"246","Jind","Haryana",1977,3119.45,3019.766,1977,2264.8245,0
"247","Jodhpur","Rajasthan",1977,2340.69,2122.513,1977,1591.88475,0
"248","Jorhat","Assam",1977,9296.81,7889.537,1977,5917.15275,0
"249","Junagadh (Daman and Diu)","Daman and Diu",1977,0,0,1977,0,0
"250","Junagadh (Gujarat)","Gujarat",1977,2069.28,2056.697,1977,1542.52275,0
"251","Jyotiba Phule Nagar","Uttar Pradesh",1977,3672.71,3662.303,1977,2746.72725,0
"252","Kachchh","Gujarat",1977,2054.97,1766.683,1977,1325.01225,0
"253","Kaithal","Haryana",1977,3048.35,2962.434,1977,2221.8255,0
"254","Kalahandi","Orissa",1977,6858.78,6707.202,1977,5030.4015,0
"255","Kamrup","Assam",1977,11846.9,10071.78,1977,7553.835,0
"256","Kancheepuram","Tamil Nadu",1977,4918.6,4634.469,1977,3475.85175,0
"257","Kandhamal","Orissa",1977,6366.63,6132.01,1977,4599.0075,0
"258","Kangra","Himachal Pradesh",1977,4771.94,4827.186,1977,3620.3895,0
"259","Kanker","Chhattisgarh",1977,6848.27,6692.034,1977,5019.0255,0
"260","Kannauj","Uttar Pradesh",1977,3952.35,3667.49,1977,2750.6175,0
"261","Kanniyakumari","Tamil Nadu",1977,530.1,461.532,1977,346.149,0
"262","Kannur","Kerala",1977,1222.73,1231.952,1977,923.964,0
"263","Kanpur","Uttar Pradesh",1977,4330.71,3996.45,1977,2997.3375,0
"264","Kanpur Dehat","Uttar Pradesh",1977,4425.82,3943.566,1977,2957.6745,0
"265","Kapurthala","Punjab",1977,3077.29,3163.311,1977,2372.48325,0
"266","Karaikal","Puducherry",1977,5351.8,4548.393,1977,3411.29475,0
"267","Karauli","Rajasthan",1977,4263.75,3828.903,1977,2871.67725,0
"268","Karbi Anglong","Assam",1977,10859.04,9384.616,1977,7038.462,0
"269","Kargil","Jammu and Kashmir",1977,7677.57,6557.565,1977,4918.17375,0
"270","Karimganj","Assam",1977,11641.69,10494.673,1977,7871.00475,0
"271","Karimnagar","Andhra Pradesh",1977,5272.43,5379.603,1977,4034.70225,0
"272","Karnal","Haryana",1977,3030.61,2986.281,1977,2239.71075,0
"273","Karur","Tamil Nadu",1977,6700.41,5510.386,1977,4132.7895,0
"274","Kasaragod","Kerala",1977,0,0,1977,0,0
"275","Kathua","Jammu and Kashmir",1977,5209.38,5312.911,1977,3984.68325,0
"276","Katihar","Bihar",1977,6321.63,6078.464,1977,4558.848,0
"277","Katni","Madhya Pradesh",1977,6433.73,5969.698,1977,4477.2735,0
"278","Kaushambi","Uttar Pradesh",1977,5625.62,5220.197,1977,3915.14775,0
"279","Kavaratti","Lakshadweep",1977,2.5,2.428,1977,1.821,0
"280","Kawardha","Chhattisgarh",1977,6591.32,6185.641,1977,4639.23075,0
"281","Kendrapara","Orissa",1977,6982.15,6571.055,1977,4928.29125,0
"282","Keonjhar","Orissa",1977,7105.45,6490.698,1977,4868.0235,0
"283","Khagaria","Bihar",1977,5342.56,5116.378,1977,3837.2835,0
"284","Khammam","Andhra Pradesh",1977,4986.92,5001.746,1977,3751.3095,0
"285","Kheda","Gujarat",1977,3594.66,3358.959,1977,2519.21925,0
"286","Khordha","Orissa",1977,6023.79,5690.053,1977,4267.53975,0
"287","Kinnaur","Himachal Pradesh",1977,8111.19,7375.699,1977,5531.77425,0
"288","Kishanganj","Bihar",1977,6107.5,6294.335,1977,4720.75125,0
"289","Kochbihar","West Bengal",1977,8387.05,8167.091,1977,6125.31825,0
"290","Kodagu","Karnataka",1977,7564.99,7687.004,1977,5765.253,0
"291","Koderma","Jharkhand",1977,7147,6329.334,1977,4747.0005,0
"292","Kohima","Nagaland",1977,11048.67,9831.645,1977,7373.73375,0
"293","Kokrajhar","Assam",1977,10260.36,9146.524,1977,6859.893,0
"294","Kolar","Karnataka",1977,4953.6,4731.158,1977,3548.3685,0
"295","Kolasib","Mizoram",1977,11251.02,10469.955,1977,7852.46625,0
"296","Kolhapur","Maharashtra",1977,8350.4,8106.255,1977,6079.69125,0
"297","Kolkata","West Bengal",1977,7169.8,6756.656,1977,5067.492,0
"298","Kollam","Kerala",1977,3236.35,2846.432,1977,2134.824,0
"299","Koppal","Karnataka",1977,5894.09,5466.152,1977,4099.614,0
"300","Koraput","Orissa",1977,7194.3,7036.857,1977,5277.64275,0
"301","Korba","Chhattisgarh",1977,6637.36,6140.392,1977,4605.294,0
"302","Koriya","Chhattisgarh",1977,7540.78,6871.532,1977,5153.649,0
"303","Kota","Rajasthan",1977,4195.59,3973.128,1977,2979.846,0
"304","Kottayam","Kerala",1977,5622.01,5244.711,1977,3933.53325,0
"305","Kozhikode","Kerala",1977,914.21,906.309,1977,679.73175,0
"306","Krishna","Andhra Pradesh",1977,4620.15,4577.671,1977,3433.25325,0
"307","Kullu","Himachal Pradesh",1977,7373.43,7030.149,1977,5272.61175,0
"308","Kupwara (Muzaffarabad)","Jammu and Kashmir",1977,8520.19,7556.92,1977,5667.69,0
"309","Kurnool","Andhra Pradesh",1977,4125.9,3856.636,1977,2892.477,0
"310","Kurukshetra","Haryana",1977,3065.19,3029.391,1977,2272.04325,0
"311","Kushinagar","Uttar Pradesh",1977,4405.57,4543.164,1977,3407.373,0
"312","Ladakh (Leh)","Jammu and Kashmir",1977,7833.3,5486.895,1977,4115.17125,0
"313","Lahul and Spiti","Himachal Pradesh",1977,8050.09,7237.705,1977,5428.27875,0
"314","Lakhimpur","Assam",1977,10260.83,8591.453,1977,6443.58975,0
"315","Lakhimpur Kheri","Uttar Pradesh",1977,4290.53,4184.702,1977,3138.5265,0
"316","Lakhisarai","Bihar",1977,5879.11,5412.581,1977,4059.43575,0
"317","Lalitpur","Uttar Pradesh",1977,4937.7,4467.387,1977,3350.54025,0
"318","Latur","Maharashtra",1977,4307.95,4450.687,1977,3338.01525,0
"319","Lawngtlai","Mizoram",1977,10967.04,11079.589,1977,8309.69175,0
"320","Lohardaga","Jharkhand",1977,8094.65,7248.118,1977,5436.0885,0
"321","Lohit","Arunachal Pradesh",1977,12548.14,10709.689,1977,8032.26675,0
"322","Lower Subansiri","Arunachal Pradesh",1977,10356.63,8649.436,1977,6487.077,0
"323","Lucknow","Uttar Pradesh",1977,4265.05,4154.135,1977,3115.60125,0
"324","Ludhiana","Punjab",1977,2640.4,2653.348,1977,1990.011,0
"325","Lunglei","Mizoram",1977,10539.78,10311.726,1977,7733.7945,0
"326","Madhepura","Bihar",1977,5067.41,4995.077,1977,3746.30775,0
"327","Madhubani","Bihar",1977,4991.48,4961.673,1977,3721.25475,0
"328","Madurai","Tamil Nadu",1977,8240,6703.745,1977,5027.80875,0
"329","Maharajganj","Uttar Pradesh",1977,4682.94,4815.57,1977,3611.6775,0
"330","Mahasamund","Chhattisgarh",1977,6506.44,6073.042,1977,4554.7815,0
"331","Mahbubnagar","Andhra Pradesh",1977,4640.65,4467.747,1977,3350.81025,0
"332","Mahe","Puducherry",1977,0,0,1977,0,0
"333","Mahendragarh","Haryana",1977,3454.58,3245.336,1977,2434.002,0
"334","Mahesana","Gujarat",1977,3096.75,2613.366,1977,1960.0245,0
"335","Mahoba","Uttar Pradesh",1977,5502.37,4915.071,1977,3686.30325,0
"336","Mainpuri","Uttar Pradesh",1977,4070.02,3688.655,1977,2766.49125,0
"337","Malappuram","Kerala",1977,4208.51,4156.471,1977,3117.35325,0
"338","Maldah","West Bengal",1977,6948.55,6669.926,1977,5002.4445,0
"339","Malkangiri","Orissa",1977,6635.96,6491.462,1977,4868.5965,0
"340","Mamit","Mizoram",1977,10626.61,9981.982,1977,7486.4865,0
"341","Mandi","Himachal Pradesh",1977,5194.68,5207.148,1977,3905.361,0
"342","Mandla","Madhya Pradesh",1977,6689.84,6316.76,1977,4737.57,0
"343","Mandsaur","Madhya Pradesh",1977,4460.19,4284.96,1977,3213.72,0
"344","Mandya","Karnataka",1977,7409.15,7355.673,1977,5516.75475,0
"345","Mansa","Punjab",1977,2902.44,2675.75,1977,2006.8125,0
"346","Mathura","Uttar Pradesh",1977,4008.86,3757.487,1977,2818.11525,0
"347","Mau","Uttar Pradesh",1977,4621.43,4745.774,1977,3559.3305,0
"348","Mayurbhanj","Orissa",1977,7740.7,7028.353,1977,5271.26475,0
"349","Medak","Andhra Pradesh",1977,5162.55,5153.874,1977,3865.4055,0
"350","Meerut","Uttar Pradesh",1977,3585.49,3586.653,1977,2689.98975,0
"351","Mirzapur","Uttar Pradesh",1977,6085.47,5659.107,1977,4244.33025,0
"352","Moga","Punjab",1977,2733.04,2691.664,1977,2018.748,0
"353","Mokokchung","Nagaland",1977,9560.4,8241.222,1977,6180.9165,0
"354","Mon","Nagaland",1977,10480.16,8900.951,1977,6675.71325,0
"355","Moradabad","Uttar Pradesh",1977,3699.35,3641.818,1977,2731.3635,0
"356","Morena","Madhya Pradesh",1977,4623.94,4146.375,1977,3109.78125,0
"357","Muktsar","Punjab",1977,2884.75,2731.146,1977,2048.3595,0
"358","Mumbai","Maharashtra",1977,0,0,1977,0,0
"359","Munger","Bihar",1977,5860.06,5426.809,1977,4070.10675,0
"360","Murshidabad","West Bengal",1977,7160.75,6791.506,1977,5093.6295,0
"361","Muzaffarnagar","Uttar Pradesh",1977,3372.44,3359.175,1977,2519.38125,0
"362","Muzaffarpur","Bihar",1977,5008.75,4943.449,1977,3707.58675,0
"363","Mysore","Karnataka",1977,8909.58,9262.605,1977,6946.95375,0
"364","Nabarangpur","Orissa",1977,7437.68,7324.077,1977,5493.05775,0
"365","Nadia","West Bengal",1977,7226.89,6874.497,1977,5155.87275,0
"366","Nagaon","Assam",1977,11632.95,9910.799,1977,7433.09925,0
"367","Nagapattinam","Tamil Nadu",1977,5117.94,4515.604,1977,3386.703,0
"368","Nagaur","Rajasthan",1977,2689.2,2678.838,1977,2009.1285,0
"369","Nagpur","Maharashtra",1977,5506.29,5266.228,1977,3949.671,0
"370","Naini Tal","Uttaranchal",1977,4002.82,3858.458,1977,2893.8435,0
"371","Nalanda","Bihar",1977,5780.41,5436.583,1977,4077.43725,0
"372","Nalbari","Assam",1977,10955.75,9210.469,1977,6907.85175,0
"373","Nalgonda","Andhra Pradesh",1977,4534.93,4504.401,1977,3378.30075,0
"374","Namakkal","Tamil Nadu",1977,5410.21,4628.66,1977,3471.495,0
"375","Nanded","Maharashtra",1977,4483.92,4828.621,1977,3621.46575,0
"376","Nandurbar","Maharashtra",1977,3877.34,4339.471,1977,3254.60325,0
"377","Narmada","Gujarat",1977,3945.41,4446.301,1977,3334.72575,0
"378","Narsinghpur","Madhya Pradesh",1977,5968.24,5603.196,1977,4202.397,0
"379","Nashik","Maharashtra",1977,4134.92,5744.084,1977,4308.063,1
"380","Navsari","Gujarat",1977,2797.79,3837.531,1977,2878.14825,1
"381","Nawada","Bihar",1977,6539.87,5870.005,1977,4402.50375,0
"382","Nawan Shehar","Punjab",1977,2940.39,3005.442,1977,2254.0815,0
"383","Nayagarh","Orissa",1977,6165.96,5894.116,1977,4420.587,0
"384","Neemuch","Madhya Pradesh",1977,4204.83,4017.158,1977,3012.8685,0
"385","Nellore","Andhra Pradesh",1977,5053.97,4792.265,1977,3594.19875,0
"386","Nicobar Islands","Andaman and Nicobar",1977,0,0,1977,0,0
"387","Nilgiris","Tamil Nadu",1977,9302.54,9523.228,1977,7142.421,0
"388","Nizamabad","Andhra Pradesh",1977,4992.85,5138.768,1977,3854.076,0
"389","North 24 Parganas","West Bengal",1977,7224.25,6795.73,1977,5096.7975,0
"390","North Cachar Hills","Assam",1977,13270.44,11775.861,1977,8831.89575,0
"391","North Goa","Goa",1977,2104.76,2010.378,1977,1507.7835,0
"392","North Sikkim","Sikkim",1977,10419.97,9492.626,1977,7119.4695,0
"393","North Tripura","Tripura",1977,10783.75,9963.137,1977,7472.35275,0
"394","Nuapada","Orissa",1977,7046.06,6670.986,1977,5003.2395,0
"395","Osmanabad","Maharashtra",1977,3951.98,4054.315,1977,3040.73625,0
"396","Pakur","Jharkhand",1977,7362.61,6753.045,1977,5064.78375,0
"397","Palakkad","Kerala",1977,7219.02,7252.933,1977,5439.69975,0
"398","Palamu","Jharkhand",1977,7776.54,6839.539,1977,5129.65425,0
"399","Pali","Rajasthan",1977,3096.95,2963.338,1977,2222.5035,0
"400","Panchkula","Haryana",1977,3370.45,3404.412,1977,2553.309,0
"401","Panch Mahals","Gujarat",1977,4020.65,3838.581,1977,2878.93575,0
"402","Panipat","Haryana",1977,3056.72,3020.521,1977,2265.39075,0
"403","Panna","Madhya Pradesh",1977,6085.5,5515.191,1977,4136.39325,0
"404","Parbhani","Maharashtra",1977,4023.91,4362.648,1977,3271.986,0
"405","Pashchim Champaran","Bihar",1977,4571.49,4670.2,1977,3502.65,0
"406","Pashchim Singhbhum","Jharkhand",1977,7696.58,6928.374,1977,5196.2805,0
"407","Patan","Gujarat",1977,2528.01,1937.825,1977,1453.36875,0
"408","Patiala","Punjab",1977,3030.36,2975.225,1977,2231.41875,0
"409","Patna","Bihar",1977,5611.28,5299.847,1977,3974.88525,0
"410","Pattanamtitta","Kerala",1977,4853.72,4351.506,1977,3263.6295,0
"411","Pauri Garhwal","Uttaranchal",1977,4413.58,4261.152,1977,3195.864,0
"412","Perambalur","Tamil Nadu",1977,5081.35,4325.252,1977,3243.939,0
"413","Phek","Nagaland",1977,10414.19,9238.866,1977,6929.1495,0
"414","Pilibhit","Uttar Pradesh",1977,4145.77,3997.052,1977,2997.789,0
"415","Pithoragarh","Uttaranchal",1977,8764.97,7945.285,1977,5958.96375,0
"416","Porbandar","Gujarat",1977,269.97,258.737,1977,194.05275,0
"417","Prakasam","Andhra Pradesh",1977,4767.29,4514.25,1977,3385.6875,0
"418","Pratapgarh","Uttar Pradesh",1977,4866.09,4762.572,1977,3571.929,0
"419","Puducherry","Puducherry",1977,4616.33,4171.581,1977,3128.68575,0
"420","Pudukkottai","Tamil Nadu",1977,4860.07,3939.626,1977,2954.7195,0
"421","Pulwama","Jammu and Kashmir",1977,8498.73,7864.64,1977,5898.48,0
"422","Punch","Jammu and Kashmir",1977,9502.75,9156.974,1977,6867.7305,0
"423","Pune","Maharashtra",1977,6375.31,7525.304,1977,5643.978,0
"424","Purba Champaran","Bihar",1977,4577.34,4616.048,1977,3462.036,0
"425","Purba Singhbhum","Jharkhand",1977,7819.73,7040.349,1977,5280.26175,0
"426","Puri","Orissa",1977,5543.19,5200.811,1977,3900.60825,0
"427","Purnia","Bihar",1977,5865.11,5705.021,1977,4278.76575,0
"428","Puruliya","West Bengal",1977,7690.46,6849.881,1977,5137.41075,0
"429","Rae Bareli","Uttar Pradesh",1977,4596.44,4458.877,1977,3344.15775,0
"430","Raichur","Karnataka",1977,4379.03,4069.612,1977,3052.209,0
"431","Raigarh (Chhattisgarh)","Chhattisgarh",1977,6598.43,6078.267,1977,4558.70025,0
"432","Raigarh (Maharashtra)","Maharashtra",1977,3190.4,3742.239,1977,2806.67925,0
"433","Raipur","Chhattisgarh",1977,6516.12,6116.53,1977,4587.3975,0
"434","Raisen","Madhya Pradesh",1977,5630.69,5176.328,1977,3882.246,0
"435","Rajauri","Jammu and Kashmir",1977,8580.25,8433.078,1977,6324.8085,0
"436","Rajgarh","Madhya Pradesh",1977,4710.91,4453.41,1977,3340.0575,0
"437","Rajkot","Gujarat",1977,3355.08,3086.528,1977,2314.896,0
"438","Raj Nandgaon","Chhattisgarh",1977,6485.3,6200.153,1977,4650.11475,0
"439","Rajsamand","Rajasthan",1977,4021.59,3743.199,1977,2807.39925,0
"440","Ramanathapuram","Tamil Nadu",1977,6391.1,5043.587,1977,3782.69025,0
"441","Rampur","Uttar Pradesh",1977,3700.7,3586.821,1977,2690.11575,0
"442","Ranchi","Jharkhand",1977,7927.3,7103.442,1977,5327.5815,0
"443","Rangareddi","Andhra Pradesh",1977,5028.72,4973.49,1977,3730.1175,0
"444","Ratlam","Madhya Pradesh",1977,4483.89,4260.341,1977,3195.25575,0
"445","Ratnagiri","Maharashtra",1977,3401.08,3414.932,1977,2561.199,0
"446","Rayagada","Orissa",1977,6603.52,6568.483,1977,4926.36225,0
"447","Rewa","Madhya Pradesh",1977,6249.28,5718.341,1977,4288.75575,0
"448","Rewari","Haryana",1977,3533.17,3340.041,1977,2505.03075,0
"449","Rohtak","Haryana",1977,3182.36,3069.958,1977,2302.4685,0
"450","Rohtas","Bihar",1977,5957.17,5516.375,1977,4137.28125,0
"451","Rudra Prayag","Uttaranchal",1977,7364.21,6759.805,1977,5069.85375,0
"452","Rupnagar","Punjab",1977,3118.65,3174.665,1977,2380.99875,0
"453","Sabar Kantha","Gujarat",1977,3689.31,3308.974,1977,2481.7305,0
"454","Sagar","Madhya Pradesh",1977,5275.46,4787.752,1977,3590.814,0
"455","Saharanpur","Uttar Pradesh",1977,3289.11,3231.03,1977,2423.2725,0
"456","Saharsa","Bihar",1977,5023.73,4927.627,1977,3695.72025,0
"457","Sahibganj","Jharkhand",1977,7059.92,6592.509,1977,4944.38175,0
"458","Saiha","Mizoram",1977,11133.38,11302.268,1977,8476.701,0
"459","Salem","Tamil Nadu",1977,5002.7,4394.797,1977,3296.09775,0
"460","Samastipur","Bihar",1977,5251.97,5073.846,1977,3805.3845,0
"461","Sambalpur","Orissa",1977,6809.89,6265.713,1977,4699.28475,0
"462","Sangli","Maharashtra",1977,7017.74,6873.729,1977,5155.29675,0
"463","Sangrur","Punjab",1977,2785.69,2717.461,1977,2038.09575,0
"464","Sant Kabir Nagar","Uttar Pradesh",1977,4356.44,4501.402,1977,3376.0515,0
"465","Sant Ravi Das Nagar","Uttar Pradesh",1977,5773.32,5446.413,1977,4084.80975,0
"466","Saran","Bihar",1977,5036.55,4876.635,1977,3657.47625,0
"467","Satara","Maharashtra",1977,7674.36,7904.566,1977,5928.4245,0
"468","Satna","Madhya Pradesh",1977,6420.55,5805.274,1977,4353.9555,0
"469","Sawai Madhopur","Rajasthan",1977,3891.05,3576.696,1977,2682.522,0
"470","Sehore","Madhya Pradesh",1977,4809.43,4530.432,1977,3397.824,0
"471","Senapati","Manipur",1977,10926.14,9982.812,1977,7487.109,0
"472","Seoni","Madhya Pradesh",1977,6053.13,5746.071,1977,4309.55325,0
"473","Shahdol","Madhya Pradesh",1977,7269.88,6704.645,1977,5028.48375,0
"474","Shahjahanpur","Uttar Pradesh",1977,4028.67,3885.931,1977,2914.44825,0
"475","Shajapur","Madhya Pradesh",1977,4805.27,4603.946,1977,3452.9595,0
"476","Sheikhpura","Bihar",1977,5823.91,5443.887,1977,4082.91525,0
"477","Sheohar","Bihar",1977,4848.57,4842.134,1977,3631.6005,0
"478","Sheopur","Madhya Pradesh",1977,4316.55,3920.925,1977,2940.69375,0
"479","Shimla","Himachal Pradesh",1977,6092.98,5856.062,1977,4392.0465,0
"480","Shimoga","Karnataka",1977,9843.32,9146.559,1977,6859.91925,0
"481","Shivpuri","Madhya Pradesh",1977,4920.33,4510.705,1977,3383.02875,0
"482","Shravasti","Uttar Pradesh",1977,4669.73,4654.309,1977,3490.73175,0
"483","Sibsagar","Assam",1977,10492.65,8845.944,1977,6634.458,0
"484","Siddharth Nagar","Uttar Pradesh",1977,4642.14,4764.659,1977,3573.49425,0
"485","Sidhi","Madhya Pradesh",1977,6964.73,6317.296,1977,4737.972,0
"486","Sikar","Rajasthan",1977,3112.22,3001.384,1977,2251.038,0
"487","Sindhudurg","Maharashtra",1977,1368.26,1324.057,1977,993.04275,0
"488","Sirmaur","Himachal Pradesh",1977,3974.01,3943.13,1977,2957.3475,0
"489","Sirohi","Rajasthan",1977,3091.01,2755.924,1977,2066.943,0
"490","Sirsa","Haryana",1977,2899.42,2616.279,1977,1962.20925,0
"491","Sitamarhi","Bihar",1977,4770.92,4826.97,1977,3620.2275,0
"492","Sitapur","Uttar Pradesh",1977,4282.8,4185.715,1977,3139.28625,0
"493","Sivaganga","Tamil Nadu",1977,5274.96,4191.635,1977,3143.72625,0
"494","Siwan","Bihar",1977,4411.06,4423.284,1977,3317.463,0
"495","Solan","Himachal Pradesh",1977,3628.13,3695.864,1977,2771.898,0
"496","Solapur","Maharashtra",1977,4264.88,4362.43,1977,3271.8225,0
"497","Sonbhadra","Uttar Pradesh",1977,6942.87,6228.129,1977,4671.09675,0
"498","Sonepat","Haryana",1977,3147.21,3096.914,1977,2322.6855,0
"499","Sonepur","Orissa",1977,6479.4,6098.724,1977,4574.043,0
"500","Sonitpur","Assam",1977,8815.96,7425.598,1977,5569.1985,0
"501","South 24 Parganas","West Bengal",1977,5712.43,5355.263,1977,4016.44725,0
"502","South Goa","Goa",1977,0,0,1977,0,0
"503","South Sikkim","Sikkim",1977,7680.77,7523.553,1977,5642.66475,0
"504","South Tripura","Tripura",1977,9718.7,9347.669,1977,7010.75175,0
"505","Srikakulam","Andhra Pradesh",1977,5235.03,5065.782,1977,3799.3365,0
"506","Srinagar","Jammu and Kashmir",1977,8600.82,7680.674,1977,5760.5055,0
"507","Sultanpur","Uttar Pradesh",1977,4458.42,4528.756,1977,3396.567,0
"508","Sundargarh","Orissa",1977,7157.05,6538.285,1977,4903.71375,0
"509","Supaul","Bihar",1977,4821.92,4877.35,1977,3658.0125,0
"510","Surat","Gujarat",1977,3349.73,4133.678,1977,3100.2585,0
"511","Surendranagar","Gujarat",1977,3087.62,2631.578,1977,1973.6835,0
"512","Surguja","Chhattisgarh",1977,7327.16,6566.556,1977,4924.917,0
"513","Tamenglong","Manipur",1977,12088.69,11080.616,1977,8310.462,0
"514","Tawang","Arunachal Pradesh",1977,10463.26,8517.116,1977,6387.837,0
"515","Tehri Garhwal","Uttaranchal",1977,5864.14,5555.435,1977,4166.57625,0
"516","Thane","Maharashtra",1977,3680.95,5142.584,1977,3856.938,1
"517","Thanjavur","Tamil Nadu",1977,4953.33,4133.574,1977,3100.1805,0
"518","The Dangs","Gujarat",1977,4314.29,5614.881,1977,4211.16075,0
"519","Theni","Tamil Nadu",1977,11374.63,10027.488,1977,7520.616,0
"520","Thiruvallur","Tamil Nadu",1977,5107.18,4846.653,1977,3634.98975,0
"521","Thiruvananthapuram","Kerala",1977,4001.89,3484.191,1977,2613.14325,0
"522","Thiruvarur","Tamil Nadu",1977,5911.32,4943.231,1977,3707.42325,0
"523","Thoothukudi","Tamil Nadu",1977,6028.61,5195.686,1977,3896.7645,0
"524","Thoubal","Manipur",1977,10641.57,10066.433,1977,7549.82475,0
"525","Thrissur","Kerala",1977,1119.49,1052.617,1977,789.46275,0
"526","Tikamgarh","Madhya Pradesh",1977,5184.02,4649.653,1977,3487.23975,0
"527","Tinsukia","Assam",1977,12269.26,10403.984,1977,7802.988,0
"528","Tirap","Arunachal Pradesh",1977,11858.57,10012.409,1977,7509.30675,0
"529","Tiruchchirappalli","Tamil Nadu",1977,5473.35,4540.281,1977,3405.21075,0
"530","Tirunelveli Kattabo","Tamil Nadu",1977,7649.86,6765.151,1977,5073.86325,0
"531","Tiruvannamalai","Tamil Nadu",1977,5029.76,4619.221,1977,3464.41575,0
"532","Tonk","Rajasthan",1977,3708.88,3555.951,1977,2666.96325,0
"533","Tuensang","Nagaland",1977,10431.89,9107.315,1977,6830.48625,0
"534","Tumkur","Karnataka",1977,6043.06,5744.955,1977,4308.71625,0
"535","Udaipur","Rajasthan",1977,4086.45,3679.545,1977,2759.65875,0
"536","Udhampur","Jammu and Kashmir",1977,6742.65,6702.155,1977,5026.61625,0
"537","Udham Singh Nagar","Uttaranchal",1977,3885.88,3756.39,1977,2817.2925,0
"538","Udupi","Karnataka",1977,1882.19,1765.779,1977,1324.33425,0
"539","Ujjain","Madhya Pradesh",1977,4664.47,4540.557,1977,3405.41775,0
"540","Ukhrul","Manipur",1977,10393.58,9577.417,1977,7183.06275,0
"541","Umaria","Madhya Pradesh",1977,6824.46,6354.899,1977,4766.17425,0
"542","Una","Himachal Pradesh",1977,3243.44,3349.282,1977,2511.9615,0
"543","Unnao","Uttar Pradesh",1977,4093.88,3897.273,1977,2922.95475,0
"544","Upper Dibang Valley","Arunachal Pradesh",1977,12861.89,11139.808,1977,8354.856,0
"545","Upper Subansiri","Arunachal Pradesh",1977,10910.61,9219.216,1977,6914.412,0
"546","Uttar Dinajpur","West Bengal",1977,6712.09,6655.738,1977,4991.8035,0
"547","Uttar Kannand","Karnataka",1977,4546.65,4400.411,1977,3300.30825,0
"548","Uttarkashi","Uttaranchal",1977,7713.28,7058.525,1977,5293.89375,0
"549","Vadodara","Gujarat",1977,3930.81,4027.343,1977,3020.50725,0
"550","Vaishali","Bihar",1977,5322.12,5145.538,1977,3859.1535,0
"551","Valsad","Gujarat",1977,3151.43,4446.475,1977,3334.85625,1
"552","Varanasi","Uttar Pradesh",1977,5632.44,5388.348,1977,4041.261,0
"553","Vellore","Tamil Nadu",1977,4972.3,4608.295,1977,3456.22125,0
"554","Vidisha","Madhya Pradesh",1977,5155.43,4724.871,1977,3543.65325,0
"555","Villupuram","Tamil Nadu",1977,4880.8,4404.69,1977,3303.5175,0
"556","Virudhunagar","Tamil Nadu",1977,8335.65,6907.1,1977,5180.325,0
"557","Vishakhapatnam","Andhra Pradesh",1977,6566.35,6218.11,1977,4663.5825,0
"558","Vizianagaram","Andhra Pradesh",1977,6471.91,6263.245,1977,4697.43375,0
"559","Warangal","Andhra Pradesh",1977,4604.5,4624.703,1977,3468.52725,0
"560","Wardha","Maharashtra",1977,4963.34,4919.499,1977,3689.62425,0
"561","Washim","Maharashtra",1977,4532.55,4759.629,1977,3569.72175,0
"562","Wayanad","Kerala",1977,7279.12,7756.115,1977,5817.08625,0
"563","West Garo Hills","Meghalaya",1977,8683.37,8226.041,1977,6169.53075,0
"564","West Godavari","Andhra Pradesh",1977,5215.02,5199.004,1977,3899.253,0
"565","West Imphal","Manipur",1977,12274,11292.9,1977,8469.675,0
"566","West Kameng","Arunachal Pradesh",1977,9696.31,7987.969,1977,5990.97675,0
"567","West Khasi Hills","Meghalaya",1977,10976.64,9675.966,1977,7256.9745,0
"568","West Nimar","Madhya Pradesh",1977,4003.3,4145.857,1977,3109.39275,0
"569","West Siang","Arunachal Pradesh",1977,11819.23,10183.012,1977,7637.259,0
"570","West Sikkim","Sikkim",1977,7904.91,7692.047,1977,5769.03525,0
"571","West Tripura","Tripura",1977,9581.36,9128.764,1977,6846.573,0
"572","Wokha","Nagaland",1977,9218.8,8012.621,1977,6009.46575,0
"573","Yamuna Nagar","Haryana",1977,3153.37,3121.338,1977,2341.0035,0
"574","Yanam","Puducherry",1977,6191,5769.1,1977,4326.825,0
"575","Yavatmal","Maharashtra",1977,4763.85,4950.433,1977,3712.82475,0
"576","Zunheboto","Nagaland",1977,9925.29,8705.811,1977,6529.35825,0
